Name,Address,Type,Phone,Website,latitude,longitude
ADVENTURE AIR SPORTS,"2375 Cherry Rd Suite 101, Rock Hill, SC 29732",Adventure Park,803.326.5867,https://rockhill.adventureairsports.com,34.96958262,-80.99272835
Bounce Parties and Games,"_4310 Shipyard Blvd. Suite 101 Wilmington, NC 28403",Adventure Park,910-769-5065,https://www.bounce-wilmington.com/about.html,34.2000406,-77.88943568
Bounce the House,"514 N McPherson Church Rd, Fayetteville, NC 28303",Adventure Park, (910) 491-0127,https://bouncethehousefayetteville.com,35.07571184,-78.95384469
DEFY Charlotte,"8116 University City Blvd, Charlotte, NC 28213",Adventure Park, (704) 817-4660,https://defy.com/defy-charlotte/,35.29364593,-80.74765058
Epic Fun Park,"1400 Walter Reed Rd, Fayetteville, NC 28304",Adventure Park,(910) 759-4744,https://epicfunpark.com,35.03946878,-78.93759688
FearLess Adventure Park,"657 River Hwy, Mooresville, NC 28117",Adventure Park, (980) 435-5000,https://www.fearlessadventurepark.com,35.59620213,-80.87813911
Flip N Fly,"830 Inspiration Drive Wilmington, NC 28405",Adventure Park,(910)679-5050,https://flipnfly.com,34.2439449,-77.82993794
FOX-N-OTTER Adventure Escapes,"3749 Sweeten Creek Rd Unit 2, Arden, NC 28704",Adventure Park,(828) 585-4302,https://escaperoomsasheville.com,35.47345105,-82.5151045
FOX-N-OTTER Adventure Escapes,"3 S Tunnel Road Asheville, NC 28805",Adventure Park,(828) 585-4302,https://escaperoomsasheville.com,35.58334469,-82.52591681
FOX-N-OTTER Adventure Escapes,"1800 Four Seasons Blvd Hendersonville, NC 28792",Adventure Park,(828) 585-4302,https://escaperoomsasheville.com,35.33551652,-82.44691877
FRANKIE'S PARK,"10621 Bryton Corporate Center Drive Huntersville, NC 28078",Adventure Park,(704) 875-7888,https://frankies.com,35.37295586,-80.82480838
FRANKIE'S PARK,"11190 Fun Park Drive Raleigh, NC 27617",Adventure Park,(919) 433-7888,https://frankies.com,35.91885328,-78.79563376
FunBox,"11025 Carolina Pl Pkwy Pineville, NC",Adventure Park,(704) 762-1091,https://funbox.com,35.0827482,-80.87961814
Galaxy Fun Park,"14460 Falls of Neuse Rd, Raleigh, NC 27614",Adventure Park,919-584-4000,https://galaxyfunpark.com,35.94574911,-78.54337021
JP's Jump Masters,"7005 Nexus Court Fayetteville, NC 28304",Adventure Park,910-223-0200,https://jpsjumpmasters.com,35.0347281,-79.01508474
Jungle Rapids Family Fun Park,"5320 Oleander Drive Wilmington, NC 28403",Adventure Park,910-791-0666,https://junglerapids.com,34.20790994,-77.86371198
Launch Family Entertainment Asheville,24 Walden Drive Arden NC 28704,Adventure Park,(828) 651-0280,https://launchfamilyentertainment.com/asheville/,35.4643283,-82.51874801
Mr. Putty's Fun Park,"2333 Dam Rd, Tega Cay, SC 29708",Adventure Park, (844) 677-8889,https://www.mrputtys.com,35.04544366,-80.99115091
Planet Fun & Starz Grille Family Entertainment and Bowling Center,"349 Whiteville Road Shallotte, NC 28459",Adventure Park,910 7752386,https://planetfuncenter.com,33.97369189,-78.40042715
Putt-Putt Fun Center,"3311 Footbridge Ln Fayetteville, NC 28306",Adventure Park,910-424-7888,https://puttputt.com/fayetteville-nc/,34.98054264,-78.97227952
Putt-Putt Fun Center,"1340 N Church St Burlington, NC 27217",Adventure Park,336-228-6217,https://puttputt.com/burlington-nc/,36.09746774,-79.41584519
Putt-Putt Fun Center,"1608 White Lake Dr Elizabethtown, NC 28337",Adventure Park,910-862-4064,https://puttputt.com/elizabethtown-nc/,34.63611268,-78.48405153
Putt-Putt Fun Center,"533 7th Avenue Place SW Hickory, NC 28602",Adventure Park,828-327-2316,https://puttputt.com/hickory-nc/,35.722209,-81.34762214
Putt-Putt Fun Center,"2418 N Main St High Point, NC 27262",Adventure Park,336-869-4273,https://puttputt.com/highpoint-nc/,35.9879852,-80.02609595
Surge Adventure Park,"2051 Griffith Road, Winston Salem, NC 27103",Adventure Park, (336) 638-1078,https://surgefun.com/locations/winston-salem/,36.06137708,-80.30935235
Surge Adventure Park,"3333 N Main St, Hope Mills, NC 28348",Adventure Park,(910) 710-5162,https://surgefun.com/locations/fayetteville/,34.97884981,-78.95770633
Main Event Fayetteville,"580 CROSS CREEK MALL, FAYETTEVILLE, NC 28303",Adventure Park,(910) 552-1780,https://www.mainevent.com/locations/north-carolina/fayetteville/,35.0724421,-78.9609386
Adventure Landing,1600 S Stratford Rd Winston Salem NC 27103,Adventure Park,(919) 000-1111,www.adventurelanding.com,36.0724977,-80.30360237
Adventure Landing,2600 E Franklin Blvd Gastonia NC 28056,Adventure Park,(919) 000-1111,www.adventurelanding.com,35.26061354,-81.13173596
Adventure Landing,3311 Capital Blvd Raleigh NC 27604,Adventure Park,(919) 000-1111,www.adventurelanding.com,35.82440589,-78.58751579
Xtreme Kombat,"7460 Highway 98 / Wake Forest Hwy Durham, NC 27703",Adventure Park,(919) 596-6100,www.xtremeparkadventures.com,35.9789413,-78.7361674
Gridlock Amusements,415 Western Blvd # B Jacksonville NC 28546,Adventure Park,(910) 000-1111,www.j-vegas.com,34.768219,-77.38507812
Asheville Treetops Adventure Park,"85 Expo Drive Asheville, NC 28806",Adventure Park,(828) 225-2921,http://ashevilletreetopsadventurepark.com/asheville-treetops-adventure-park/,35.5933058,-82.5827901
Chuck E. Cheese,"104 River Hills Rd Asheville, NC 28805",Restaurant,(828) 299-3750,https://www.chuckecheese.com,35.57505,-82.51875416
Chuck E. Cheese,"416 Cox Rd. Gastonia, NC 28054",Restaurant,(704) 868-3821,https://www.chuckecheese.com,35.262836,-81.13280943
CAMACHO’S MINI FARM ACRES,"5103 Fallston Road Lawndale, NC 28090",Farm,704-297-8098,https://www.camachominifarmacres.com/?,35.4361884,-81.5024596
Sweet Valley Ranch,"2990 Sunnyside School Road Fayetteville, NC 28312",Farm,(844) 622-3276,https://www.sweetvalleyranchnc.com/contact-us,35.024683,-78.8137405
SonRidge Farm,"246 Wright Rd, Kings Mountain, NC 28086",Farm,704-734-0809,https://www.sonridgefarm.com,35.267241,-81.403836
Apple Hill Farm,"400 Apple Hill Road Banner Elk, NC 28604",Farm,(828) 963-1662,https://applehillfarmnc.com,36.195398,-81.820088
The Pint Sized Pasture,"_1525 Fire Tower Rd, Sanford, NC 27330",Farm,(919) 498-4466,https://www.thepintsizedpasture.com,35.4464832,-79.1878277
Planet Peace Farm,"6121 Forestville Road Raleigh, NC 27604",Farm,(919) 995-1743,https://www.planetpeaceful.org,35.8225552,-78.5017071
Winterpast Farm,"12936 Ghoston Rd, Wake Forest, NC 27587",Farm,(919) 244-1800,http://winterpast.org,35.9966145,-78.6697628
Bigfoot Climbing Gym,"212 Avery Ave, Morganton, NC 28655",Gym,(828) 608-0995,https://www.bigfootclimbinggym.com,35.74823145,-81.6875148
BounceU Charlotte - Matthews,"9129 Monroe Rd #145, Charlotte, NC 28270",Gym,(980) 321-7881,https://www.bounceu.com/matthews-nc/,35.14655976,-80.74407806
Bravery Kids Gym,"886-A Elm Street, Fayetteville, NC, 28303",Gym,910-779-0623,https://www.braverykidsgym.com,35.07584917,-78.92527505
Lake Wylie Bowl N’Bounce,"4034 Charlotte Hwy, Suite 105, Lake Wylie, SC 29710",Gym, 803-831-2553,https://lwpinsnwins.com,35.10769999,-81.04216446
Level Up,"117-F, Liberty Dr, Thomasville, NC 27360",Gym,(336) 442-4775,https://www.levelupfitnessnc.com,35.88304094,-80.06572144
Mission Grit,"6311 Carmel Rd c, Charlotte, NC 28226",Gym,(704) 733-9103,https://missiongrit.com,35.09178163,-80.84417433
Play! - Where Fit Meets Fun,"3518 Drawbridge Parkway Greensboro, NC 27410",Gym,(336) 890-3199 ,https://www.conehealth.com/play/,36.13970021,-79.86457668
Sports Connection,"11611 Ardrey Kell Rd, Charlotte, NC 28277",Gym,(704) 583-1444,https://sportsconnectionnc.com,35.02193287,-80.84780809
Sports Connection - Granite Street,10930 Granite Street Charlotte NC 28273,Gym,704-583-1444,https://sportsconnectionnc.com/locations/granite-street/,35.11977321,-80.92677239
Sports Connection - Northlake,8626 Hankins Road Charlotte NC 28269,Gym,704-583-1444,https://sportsconnectionnc.com/locations/northlake/,35.34089537,-80.83432411
The Little Gym,"4011 Sycamore Dairy Rd, Fayetteville, North Carolina 28303",Gym,(910) 223-3496,https://www.thelittlegym.com/locations/,35.07566215,-78.9544547
The Little Gym,"132 Racine Dr unit 1 Wilmington, NC 28403",Gym,(910) 799-3771,https://www.thelittlegym.com/locations/,34.24272732,-77.86082579
The Little Gym,"1092 Hampton Inn Way Jacksonville, NC 28546",Gym,(910) 809-4067,https://www.thelittlegym.com/locations/,34.78885178,-77.40535439
The Little Gym,"8320 Litchford Rd Raleigh, NC 27615",Gym,(919) 823-4577,https://www.thelittlegym.com/locations/,35.89230967,-78.60152952
The Little Gym,"958 High House Rd Cary, NC 27513",Gym,(919) 481-6701,https://www.thelittlegym.com/locations/,35.78803866,-78.82787758
The Little Gym,"1125 NC-54 Ste 602 Durham, NC 27707",Gym,(919) 391-7075,https://www.thelittlegym.com/locations/,35.91876705,-78.96158126
The Little Gym,"3369 Battleground Ave Greensboro, NC 27410",Gym,(336) 281-9085,https://www.thelittlegym.com/locations/,36.12352638,-79.84642255
The Little Gym,"5850 W Hwy 74 #108 Indian Trail, NC 28079",Gym,(704) 981-2041,https://www.thelittlegym.com/locations/,35.06632859,-80.64045148
The Little Gym,"2685 Celanese Rd suite 118 Rock Hill, SC 29732",Gym,(803) 868-0033,https://www.thelittlegym.com/locations/,34.97611388,-81.01730004
The Little Gym,"2935 Providence Rd Charlotte, NC 28211",Gym,(704) 702-2898,https://www.thelittlegym.com/locations/,35.1709122,-80.80772364
Ultimate Kids - Home of Tumblebees,"6904 Downwind Road, Greenboro, NC",Gym,336-665-0662,https://ultimate-kids.com,36.08208263,-79.92778099
We Rock the Spectrum,"63 TURTLE CREEK DR, ASHEVILLE, NC 28803",Gym,828-505-7556,https://www.werockthespectrumasheville.com,35.50808628,-82.52437325
We Rock the Spectrum,"2104 Village Market Place, Morrisville, NC 27560",Gym,984-201-0117_,https://www.google.com/search?client=safari&rls=en&q=We+Rock+the+Spectrum+cary&ie=UTF-8&oe=UTF-8,35.80716236,-78.81778527
The Little Gym,"1000 Aspinal St Waxhaw, NC 28173",Gym, (704) 256-0231,https://www.thelittlegym.com/locations/,34.94996625,-80.756697
We Rock the Spectrum - Hickory,"1061 7th St Ct SE, Hickory, NC 28602",Gym, 828-855-3383,https://www.werockthespectrumhickory.com,35.7178542,-81.32503181
The Little Gym,"9810 Gilead Rd suite a 101, Huntersville, NC 28078",Gym,(704) 774-3306,https://www.thelittlegym.com/locations/,35.40551,-80.865329
Angel Island Fun Park,"924 NE Maynard Rd, Cary, NC 27513",Indoor playground,919-234-1340,https://angelislandusa.com,35.8026338,-78.77025823
Angel Island Fun Park,"3330 Westgate Dr, Durham, NC 27707",Indoor playground, 919-808-5939,https://angelislandusa.com,35.96751776,-78.96129796
Backyard Paradise,"3123-K Cedar Park Road Greensboro, NC 27405",Indoor playground,(910) 399-4870,https://www.byparadise.com,36.05317206,-79.73043391
Blue Jay Play Cafe,"1234 NC Hwy 210 Sneads Ferry, NC 28460",Indoor playground,(910) 620-3332,https://www.bluejayplaycafe.com/menu,34.52879293,-77.43478165
Bumper Jumpers Indoor Playground,"4217 W Gate City Blvd, Greensboro, NC 27407",Indoor playground,(336) 855-0056,https://www.bumperjumpers.com,36.03560731,-79.86389925
Confet_ Soirée & Play,"14212 Statesville Road Suite B1 Huntersville, NC 28078",Indoor playground,(704) 274-5089,https://confetewithme.com,35.41037102,-80.85496784
Fit For Fun Center,"302 S. 10th St. Wilmington, NC",Indoor playground,910.341.4630,https://www.wilmingtonnc.gov/Parks-Recreation/Facilities/Fit-For-Fun-Center,34.2324681,-77.93637177
Fun City Indoor Playground,"3551 Lackey St, Lumberton, NC 28360",Indoor playground,(910) 370-0720,https://www.facebook.com/people/Fun-City-Lumberton/100084554619842/,34.64573483,-79.01477666
Funky Frogz Indoor Playground,"814 Spring Lane, Sanford, NC 27330",Indoor playground,919-292-0599,https://funkyfrogz.fun,35.48729331,-79.19379444
Funtown Play Cafe,"4555 Charlotte Hwy Ste 19, Clover, SC 29710",Indoor playground,(803) 810-6500,https://www.funtown-playcafe.com,35.1155558,-81.05712336
Happy Feet Planet,"3419 Apex Peakway Apex, NC 27502",Indoor playground,919-267-4384,https://happyfeetplanet.com,35.71440642,-78.85570939
Happy Feet Planet,"231 Guy Rd, Clayton, NC, 27520",Indoor playground,919-243-2218,https://happyfeetplanet.com,35.64203499,-78.47953599
High Five Playhouse,"10101 E Independence Blvd C, Matthews, NC 28105",Indoor playground,(704) 443-7022,https://highfiveplayhouse.com,35.13166565,-80.7106154
Island Time Drop-n-Play,"222 Winner Avenue Carolina Beach, NC 28428",Indoor playground,(910) 599-3741,https://islandtimeplay.com,34.0400506,-77.89550899
Just Play,"9535 South Blvd A, Charlotte, NC 28273",Indoor playground,(704) 885-7529,justplay.net,35.10605425,-80.88096236
Kiddy Town,"3392 S Church St, Burlington, NC 27215",Indoor playground,(336) 447-5943,https://www.infokiddytown.com,36.08029133,-79.51478027
Kids Indoor Playground,"905 Old Winston Rd, Kernersville, NC 27284",Indoor playground,(336) 993-7247,https://trianglefitness.net,36.11218418,-80.09652525
Lemon Rose Play Cafe,"6886 Beach Dr. SW Ocean Isle Beach, NC 28469",Indoor playground,(910) 616-8709,https://www.facebook.com/lemonroseplaycafe/,33.8994976,-78.46624609
Liberty PlayTown,"3211 Ray Road Spring Lake, NC 28390",Indoor playground,(910) 568-0041,https://www.libertyplaytown.com,35.25373993,-78.96700559
Little Bee Indoor Playground,"1910 S Glenburnie Rd. New Bern, NC 28562",Indoor playground,(252) 631-1606,https://www.littlebeeindoorplay.com,35.10394793,-77.09974706
Little Doodles Play Cafe,"6548 Glenwood Avenue Raleigh, NC 27613",Indoor playground,(984) 269-7076,https://littledoodlesplaycafe.com,35.85962935,-78.70731096
Little Doodles Play Cafe,"11 W 3rd Street Wendell, NC 27591",Indoor playground,(919) 374-7178,https://littledoodlesplaycafe.com,35.78099716,-78.37002921
Little Doodles Play Cafe,"6548 Glenwood Avenue Raleigh, NC 27613",Indoor playground,(984) 269-7076,https://littledoodlesplaycafe.com,35.85962935,-78.70731096
Little Doodles Play Cafe,"11 W 3rd Street Wendell, NC 27591",Indoor playground,(919) 374-7178,https://littledoodlesplaycafe.com,35.78099716,-78.37002921
"M.A.P.L.E. Learning & Fun, Jr.","131 Evergreen Rd Ste 107, Lake Wylie, SC 29710",Indoor playground, (803) 281-2875,https://mapleleafjr.com,35.1162332,-81.0770516
MEGAPLAY,1233 Hargett St Jacksonville NC 28540,Indoor playground,910-939-2642,https://www.megaplayusa.com,34.75071024,-77.41363939
Mountain Play Lodge,"3389 Sweeten Creek Rd Arden, NC 28704",Indoor playground,828-676-2120,https://www.mountainplaylodge.com,35.48351494,-82.51828272
Over The Moon Play Space,"653 Cary Towne Blvd Cary, NC 27511",Indoor playground,(919) 238-9229,https://www.overthemoonplay.com,35.77557046,-78.76638593
Piney Town Playhouse,"1520 N Broad St Fuquay-Varina, North Carolina",Indoor playground,919-902-7244,https://www.pineytown.com,35.60420284,-78.80382822
PlayFunParty Fayetteville,"4902 Yadkin Rd Suite 200, Fayetteville, NC 28303",Indoor playground,(910) 339-6451,http://www.playfunparty.com,35.08213006,-78.96483134
PlayFunParty Fuquay Varina,"2908 N Main St #100, Fuquay-Varina, NC 27526",Indoor playground,(919) 346-1014,http://www.playfunparty.com,35.61651185,-78.7346652
Playland Indoor Playground & Café,"122 Trade Ct, Mooresville, NC 28117",Indoor playground, (704) 360-4037,https://playlandmooresville.com,35.55506482,-80.85554715
Playland Indoor Playground & Cafe ,"11812 Carolina Pl Pkwy, Pineville, NC 28134",Indoor playground, (704) 900-7581,https://www.playhouseplaycafe.com,35.07371545,-80.8804791
Playland Indoor Playground + Café,"2700 Gray Fox Rd, Monroe, NC 28110",Indoor playground,(704) 776-9314,https://playlandnc.com,35.0556565,-80.62585815
PlayTopia Indoor Playground,"761 Riverview Road Rock Hill, SC 29730",Indoor playground,803-320-3547,https://www.playtopiarockhill.com,34.96810583,-80.98598738
Plum Krazy Play,"2616 E Main St, Lincolnton, NC 28092",Indoor playground,(704) 240-4449,https://plumkrazyplay.com,35.48150367,-81.20737651
Pollywog’s Play Pad,"160 Suite G Pinehurst Avenue, Southern Pines 28387",Indoor playground,910-704-9881,https://www.pollywogsplaypad.com,35.15922337,-79.41443999
Pretty Princess Play Palace,"11014 Monroe Rd, Matthews, NC 28105",Indoor playground,(980) 339-5921,https://prettyprincessplaypalace.com,35.13123385,-80.73500774
Romp n' Roll,"10020 Edison Square NW, Ste. 201 / 202, Concord, NC 28027",Indoor playground,980-981-6616,https://rompnroll.com,35.40210293,-80.75997351
Romp n' Roll,"6210 Plantation Center Drive Suite 101, Raleigh, NC 27616",Indoor playground,919-615-0819,https://rompnroll.com,35.87186609,-78.58342493
Safari Nation,"230 E Parris Ave, High Point, NC 27262",Indoor playground,(336) 515-1870,https://www.thesafarination.com/high-point/,35.98516172,-80.01951574
Safari Nation,"3191 Peters Creek Parkway,Winston Salem, NC 27127",Indoor playground,(336) 523-3355,https://www.thesafarination.com/winston-salem/,36.04411977,-80.25966623
Seymour Johnson Air Force Base Kiddie Hawk Playground (Free),"1515 Goodson St, Goldsboro, NC 27531",Indoor playground, (919) 722-8684,https://sjfss.com/kiddie-hawk-playground/,35.35222186,-77.96782967
The Baby Bar,"1500 Mill St #106, Greensboro, NC 27408",Indoor playground, (336) 485-8237,https://www.thebabybargreensboro.com,36.0885708,-79.81160798
The Bunny Hive Charlotte,"1207 East Blvd, Charlotte, NC 28203",Indoor playground, (704) 877-5576,https://thebunnyhive.com/charlotte,35.20340065,-80.84651584
The Bunny Hive Raleigh,"711 W Lane St, Raleigh, NC 27603",Indoor playground,919) 623-8076,https://thebunnyhive.com/raleigh,35.78416678,-78.64925538
The Cub House Play Cafe,"1621 NC-42, Clayton, NC 27520",Indoor playground,(919) 585-2066,https://cubhouseplayspace.com,35.64678397,-78.41395085
The Fun Factory,"120 N Church St Salisbury, Rowan County 28144",Indoor playground,(980) 565-5494,https://www.thefunfactorydowntown.com,35.66857164,-80.47077667
The Fun Train Playground,"2617 Executive Point Dr, Monroe, NC 28110",Indoor playground, (704) 776-4181,https://funtrainplayground.com,35.04734869,-80.61418832
The Wonder Lab,"3709-A University Drive Durham, NC 27707",Indoor playground,919-213-8527,https://www.wonderlabdurham.com,35.96690868,-78.94960001
Town Of Fun,"1000 Lower Shiloh Way Suite 100, Morrisville, NC 27560",Indoor playground,(919) 797-0112,https://www.townoffun.com,35.86477722,-78.84613547
Uwharrie Play Oasis,"805 N 1st Street Albemarle, NC 28001",Indoor playground, (704) 550-5206,https://linktr.ee/uwharrieplayoasis,35.36312499,-80.19872802
We Kan Go Play,"226 S Main Street Mount Holly, NC 28120",Indoor playground,(704) 820-8989,https://www.wekangoplay.com,35.2952431,-81.01646238
Grow Cafe,"5342 Docia Crossing Road Charlotte, NC 28269",Indoor playground,704 - 919- 0919,https://www.growcafeclt.com,35.3671575,-80.7859155
Kidnetix NC,"2815 Carolina Commerce Dr Suite A & B, Goldsboro, NC 27530",Indoor playground,NA,https://www.facebook.com/people/Kidnetix-NC/61573136678685/?_rdr,35.422162,35.422162
Romp n' Roll,"3611 Mt Holly-Huntersville Rd Suite 207, Charlotte, NC 28216",Indoor playground,704-837-0806,https://rompnroll.com,35.325089,-80.946328
Safari Nation,"3900-H W. Market St.Greensboro, NC 27407",Indoor playground,336-315-5115,https://www.thesafarination.com/greensboro/,36.069959,-79.852941
Velocity 360 Fun Zone,"4435 Monument Trce, Greensboro, NC 27409",Indoor playground, (336) 554-4922,https://www.velocity360funzone.com,36.05047,-79.936061
Asheville Museum of Science: AMOS,"43 Patton Ave Asheville, NC 28801",Museum,(828) 254-7162,https://ashevillescience.org/explore/,35.59476878,-82.55336398
Catawba Science Center,"243 3rd Ave NE, Hickory, NC 28601",Museum,(828) 322-8169,https://catawbascience.org,35.73558388,-81.33451541
Children's Museum & Sci Ctr,270 Gay St Rocky Mount NC 27804,Museum,(252) 972-1266,https://www.imperialcentre.org,35.94626345,-77.79669681
Children's Museum-Alamance,217 S Main St Graham NC 27253,Museum,(336) 228-7997,https://www.childrensmuseumofalamance.org,36.0674649,-79.40049701
Discovery Place Kids,105 Gilead Rd Huntersville NC 28078,Museum,(704) 327-2189,https://www.discoveryplacekids.org,35.41073125,-80.84357363
Discovery Place Kids,233 E Washington St Rockingham NC 28379,Museum,(910) 997-5266,https://www.kids.discoveryplace.org,34.93947365,-79.7731782
Exploration Station,104 N Chestnut St Lumberton NC 28358,Museum,(910) 738-1114,https://www.robesonpartnership.org,34.61722574,-79.00772127
Fascinate-U Children's Museum,"116 Green Street Fayetteville, NC 28301",Museum,910-829-9171,https://www.fascinate-u.com,35.05289547,-78.8780769
Hands On Children Museum,318 N Main St Hendersonville NC 28792,Museum,(828) 697-8333,https://www.handsonwnc.org,35.31606674,-82.46001054
Kaleideum,400 W Hanes Mill Rd Winston Salem NC 27105,Museum,(336) 723-9111,https://www.kaleideum.org,36.18463641,-80.28206748
Kidsenses Children's Museum,172 N Main St Rutherfordton NC 28139,Museum,(828) 286-2120,https://www.kidsenses.org,35.36773204,-81.95710576
Kidzu Children's Museum,201 S Estes Dr Chapel Hill NC 27514,Museum,(919) 933-1455,https://www.kidzuchildrensmuseum.org,35.92647759,-79.02802586
Main Street Children's Museum,"133 E Main St, Rock Hill, SC 29730",Museum, (803) 327-6400,https://chmuseums.org/childrens/,34.92545777,-81.02663449
Miriam P. Brenner Children's Museum,"220 N Church St, Greensboro, NC 27401",Museum, (336) 574-2898,https://mbcmuseum.com,36.07436735,-79.78661262
Port Discover,611 E Main St Elizabeth City NC 27909,Museum,(252) 338-6117,https://www.portdiscover.org,36.29967218,-76.21950886
Qubein Children's Museum,200 Qubein Ave High Point NC 27262,Museum,(336) 888-7529,https://www.qubeinchildrensmuseum.org,35.96644246,-80.01084844
The Children's Museum of Wilmington,"116 Orange St. Wilmington, NC",Museum,910.254.3534,https://www.playwilmington.org,34.23279872,-77.94816049
"Zing Zumm, Children's Museum of Jacksonville","625 New Bridge St, Jacksonville, NC",Museum,910.650.2769,https://zingzumm.org,34.74983759,-77.42418023
Imagination Station,224 Nash St S Wilson NC 27893,Museum,(252) 291-5113,https://www.scienceandhistory.org,35.724196,-77.909813
Bumble Brews,"2464 SW Cary Parkway, Cary, NC 27513",Restaurant,984-465-0537,https://www.bumblebrews.fun/menus/,35.76272366,-78.82196149
Bumble Brews,"1028 Oberlin Rd Ste 242, Raleigh, NC 27605",Restaurant,919-424-7142,https://www.bumblebrews.fun/menus/,35.79723728,-78.66016841
Chuck E. Cheese,"5612 Albermarle Rd. Charlotte, NC 28212",Restaurant,(704) 532-9570,https://www.chuckecheese.com,35.20393335,-80.7526635
Chuck E. Cheese,"7701 Pineville-Matthews Rd Charlotte, NC 28226",Restaurant,(704) 541-0106,https://www.chuckecheese.com,35.08764339,-80.84942807
Chuck E. Cheese,"7970 Lyles Lane NW Concord, NC 28027",Restaurant,(929) 989-3284,https://www.chuckecheese.com,35.36579483,-80.71393857
Chuck E. Cheese,"3724 Mayfair St. Durham, NC 27707",Restaurant,(919) 493-6084,https://www.chuckecheese.com,35.96866143,-78.95088426
Chuck E. Cheese,"511 North McPherson Church Rd Fayetteville, NC 28303",Restaurant,(910) 487-0111,https://www.chuckecheese.com,35.07569283,-78.95398597
Chuck E. Cheese,"209 N. Berkeley Blvd. Goldsboro, NC 27534",Restaurant,(919) 751-2237,https://www.chuckecheese.com,35.37175694,-77.95230201
Chuck E. Cheese,"702-A Pembroke Rd. Greensboro, NC 27405",Restaurant,(336) 855-0234,https://www.chuckecheese.com,36.08653911,-79.83285482
Chuck E. Cheese,"2032 Catawba Valley Blvd. Hickory, NC 28602",Restaurant,(828) 328-3694,https://www.chuckecheese.com,35.70069722,-81.30336764
Chuck E. Cheese,"3501-131 Capitol Blvd. Raleigh, NC 27604",Restaurant,(919) 850-9922,https://www.chuckecheese.com,35.82743911,-78.58592641
Chuck E. Cheese,"730 Sutters Creek Blvd. Rocky Mount, NC 27804",Restaurant,(252) 443-5267,https://www.chuckecheese.com,35.97121079,-77.81124169
Chuck E. Cheese,"620 Hanes Mall Blvd. Winston-Salem, NC 27103",Restaurant,(336) 774-0690,https://www.chuckecheese.com,36.06271267,-80.30239651
SEA LIFE Charlotte-Concord,"8111 Concord Mills Blvd Concord, North Carolina 28027",Sea Life,(855) 450-0512,https://www.visitsealife.com/charlotte-concord/,35.368749,-80.722286
Airbound Trampoline Park,"4215 W Gate City Blvd, Greensboro, NC 27407",Trampoline Park, (336) 355-1585,https://airboundpark.com/greensboro/,36.03694637,-79.86159566
Airbound Trampoline Park,"7840 North Point Blvd Winston-Salem, NC 27106",Trampoline Park,(336) 896-9100,https://airboundpark.com/winston-salem/,36.15078049,-80.27699589
Altitude Trampoline Park,"3940 E Franklin Blvd Gastonia, North Carolina 28056",Trampoline Park,(704) 550-4709,https://www.altitudetrampolinepark.com,35.25723124,-81.11083659
Altitude Trampoline Park,"1030 Henderson Drive Jacksonville, North Carolina 28540",Trampoline Park,(910) 378-8171,https://www.altitudetrampolinepark.com,34.780328,-77.42578829
Big Air Trampoline Park,"8215 University City Blvd Suite 1A, Charlotte, NC 28213",Trampoline Park,(980) 412-6424,https://www.bigairusa.com/programs/university-city,35.29444002,-80.74666607
Big Air Trampoline Park,"2408 Sardis Rd N, Charlotte, NC 28227",Trampoline Park,(704) 246-5233,https://www.bigairusa.com/charlotte,35.14542384,-80.72706919
Big Air Trampoline Park,"3523B Clemson Blvd, Anderson, SC 29625",Trampoline Park,(864) 900-9787,https://www.bigairusa.com/anderson,34.55099703,-82.67699905
Big Air Trampoline Park,"36 Park Woodruff Dr, Greenville, SC 29607",Trampoline Park,(864) 626-5252,https://www.bigairusa.com/greenville,34.82195901,-82.29406533
Big Air Trampoline Park,"6421 Hilburn Dr, Raleigh, NC 27613",Trampoline Park,(919) 999-3200,https://www.bigairusa.com/raleigh,35.86654228,-78.71660812
Big Air Trampoline Park,"660 Spartan Blvd #200, Spartanburg, SC",Trampoline Park,(864) 580-6462,https://www.bigairusa.com/spartanburg,34.94274083,-81.9958202
Big Air Trampoline Park,"1636 Hendersonville Road Suite 160, Asheville, NC 28803",Trampoline Park,,https://www.bigairusa.com/coming-soon/asheville,35.51177163,-82.52668261
Sky Zone Trampoline Park,"7325 Smith Corners Blvd, Charlotte, NC 28269",Trampoline Park,(704) 709-9050,https://www.skyzone.com/northlake/,35.35218347,-80.84333
Sky Zone Trampoline Park,"10200 Centrum Pkwy, Pineville, NC 28134",Trampoline Park, (704) 208-4040,https://www.skyzone.com/pineville/,35.09427509,-80.87639411
Sky Zone Trampoline Park,1275 Haddon Hall Dr.Apex NC 27502,Trampoline Park,(919) 589-8210,https://www.skyzone.com/hickory-nc/,35.74243248,-78.87163255
Sky Zone Trampoline Park,1720 Guess Rd Ste 90 Durham NC 27701,Trampoline Park,(919) 425-0800,https://www.skyzone.com/durham/,36.01973591,-78.91406071
Sky Zone Trampoline Park,2101 Westinghouse Blvd Suite 111 Raleigh NC 27604,Trampoline Park,(919) 948-4450,https://www.skyzone.com/raleigh/,35.80837459,-78.59450764
Sky Zone Trampoline Park,361 Westwood Shopping Center Fayetteville NC 28314,Trampoline Park,(910) 302-5400,https://www.skyzone.com/fayetteville/,35.06703408,-78.95286425
Sky Zone Trampoline Park,1572-A Highwoods Blvd Greensboro NC 27410,Trampoline Park,(336) 550-1800,https://www.skyzone.com/greensboro/,36.11236499,-79.87926306
Sky Zone Trampoline Park,6431 Market Street Wilmington NC 28405,Trampoline Park,(910) 444-1002,https://www.skyzone.com/wilmington-nc/,34.25544516,-77.84419908
Sky Zone Trampoline Park,1843 Catawba Valley Blvd SE Hickory NC 28602,Trampoline Park,(828) 222-4144,https://www.skyzone.com/hickory-nc/,35.70302911,-81.30951408
Urban Air Trampoline and Adventure Park,"9108 Lawyers Rd, Mint Hill, NC 28227",Trampoline Park, (704) 992-7883,https://www.urbanair.com/north-carolina-mint-hill,35.18762353,-80.69013197
Urban Air Trampoline and Adventure Park,"17001 Kenton Dr, Cornelius, NC 28031",Trampoline Park, (704) 800-4699,https://www.urbanair.com/north-carolina-cornelius,35.44685682,-80.89095476
Urban Air Trampoline and Adventure Park,"200 Summit Square Boulevard Winston-Salem, NC 27105",Trampoline Park,336-793-2145,https://www.urbanair.com/north-carolina-winston-salem/,36.18633899,-80.27409282
Urban Air Trampoline and Adventure Park,"3202 W Friendly Ave, Greensboro, NC 27408",Trampoline Park,(336) 218-9144,https://www.urbanair.com/north-carolina-greensboro/,36.08385452,-79.83323927
Urban Air Trampoline and Adventure Park,"7810 Poyner Pond Circle Raleigh, North Carolina 27616",Trampoline Park,919-842-3569,https://www.urbanair.com/north-carolina-raleigh/,35.8642942,-78.56897593
Urban Air Trampoline and Adventure Park,"2051 Skibo Rd Fayetteville, North Carolina 28314",Trampoline Park,(910) 218-0502,https://www.urbanair.com/north-carolina-fayetteville/,35.05513555,-78.97250024
Urban Air Trampoline and Adventure Park,"1020 WCC Lane Morrisville, North Carolina 27560",Trampoline Park,(919) 377-9609,https://www.urbanair.com/north-carolina-morrisville/,35.84104695,-78.81699606
Great Wolf Lodge Water Park | Concord,"10175 Weddington Road, Concord NC 28027",Water Park,866.925.9653 ,https://www.greatwolf.com,35.36292454,-80.71355849
Ray’s Splash Planet,"215 N Sycamore St Charlotte, NC 28202",Water Park,980-314-4729,https://parkandrec.mecknc.gov/Places-to-Visit/Pools-Beaches-Spraygrounds/rays-splash-planet,35.23669114,-80.85253161
Little Rascals Pony Rides,365 Haughton Williams Rd Franklin NC 28734,Zoo,(828) 421-3308,https://little-rascals-pony-rides-and-petting-zoo.ueniweb.com,35.21576888,-83.4269158
Why Not An American Ark,3224 Medlin Rd Monroe NC 28112,Zoo,(704) 226-5406,www.wnaaa.com,34.96583649,-80.52504389
Tiger World,"4400 Cook Rd, Rockwell, NC 28138",Zoo,(704) 279-6363,https://tigerworld.us,35.549074,-80.494939
Darby Acres Farm,"Hutchinson Ln, Charlotte, NC, 28216 (check website) ",Farm,704-738-4444,https://www.darbyacresfarm.com,35.316733,-80.926593
Darby Safari,"Kelly Rd, Charlotte, NC, 28216 (check website) ",Zoo,704-738-4445,https://www.darbyacresfarm.com,35.315795,-80.91464
Friends of Western North Carolina Nature Center,"75 Gashes Creek Road Asheville, NC 28805",Zoo,828-259-8080,https://wildwnc.org,35.5794625,-82.4937685
It's A Zoo Life,"4313 NC-42, Macclesfield, NC 27852",Zoo,252 266 7974,https://www.itsazoolife.com,35.750972,-77.670582
Crandall Bowles Children's Farm,"2573 Lake Haigler Drive, Fort Mill SC 29715",Zoo,803.547.1019,https://www.ascgreenway.org/play/childrens-farm/,34.897292,-80.883788
Hill Ridge Farms,703 Tarboro Rd Youngsville NC 27596,Farm,(919) 556-1771,https://www.hillridgefarms.com,36.01633113,-78.44282005
Hope Farms & Learning Ctr,872 Briley Rd Greenville NC 27834,Farm,(252) 000-1111,www.hopefarmslc.com,35.67789269,-77.38218167
Greenlands Farm Store,668 Midway Rd SE Bolivia NC 28422,Farm,(910) 253-7934,www.greenlandsfarm.org,34.03652755,-78.15519081
Shingleton Farms  Shop,7009 Nc Highway 58 S Stantonsburg NC 27883,Farm,(252) 238-2155,www.shingletonfarms.com,35.614631,-77.820592
Changing Tomorrow Farm ,6312 Cass Holt Rd Holly Springs NC 27540,Farm,(919) 000-1111,www.changingtomorrowfarm.com,35.61143348,-78.87028002
Spring Meadow Farm,2080 Wilsons Mills Rd Smithfield NC 27577,Farm,(919) 989-8878,www.springmeadowfarms.com,35.54783863,-78.34445007
Sweet Valley Ranch,2990 Sunnyside School Rd Fayetteville NC 28312,Farm,(910) 797-2032,www.sweetvalleyranchnc.com,35.02476392,-78.81831163
Winterpast Farm,12936 Ghoston Rd Wake Forest NC 27587,Farm,(919) 000-1111,www.winterpast.org,35.99630326,-78.6704421
Happy's Farm,985 Parks Rd Salisbury NC 28146,Farm,(704) 279-5268,www.happysfarm.org,35.56304215,-80.49505908
Quest at Latta Nature Preserve,"6345 Sample Rd, Huntersville, NC 28078",Nature Center,(980) 314-7878,https://parkandrec.mecknc.gov/Places-to-Visit/Nature/quest-latta-nature-preserve,35.358013,-80.9071